sku,product_type,location,supplier_name,transportation_modes,abc,stock_levels,unit_cost,annual_demand,daily_demand,lead_days,holding_cost,carry_rate,inventory_value,cogs,days_of_cover,carry_cost_annual,eoq,order_quantities,safety_stock,reorder_point,max_level,status,excess_units,excess_value,shortfall_units,tc_current_Q,tc_eoq,eoq_saving,defect_rates,inspection_results
SKU10,skincare,Kolkata,Supplier 5,Road,A,51,96.527,996.0,2.729,15,21.236,0.22,4922.895,96141.243,18.69,1083.037,68.485,80,6.511,47.443,74.996,Healthy,0.0,0.0,0.0,1471.941,1454.341,17.6,1.727,Pass
SKU40,skincare,Kolkata,Supplier 1,Road,A,90,88.179,933.0,2.556,28,19.399,0.22,7936.147,82271.387,35.209,1745.952,69.35,39,8.334,79.906,77.684,Overstock,12.316,1086.055,0.0,1574.444,1345.351,229.092,4.213,Pending
SKU4,skincare,Delhi,Supplier 1,Air,A,5,92.065,871.0,2.386,11,23.937,0.26,460.326,80188.755,2.095,119.685,60.322,56,4.876,31.126,65.198,Reorder now,0.0,0.0,26.126,1447.913,1443.921,3.992,3.146,Fail
SKU74,haircare,Delhi,Supplier 4,Rail,A,41,80.581,904.0,2.477,11,20.951,0.26,3303.815,72845.09,16.554,858.992,65.687,1,5.061,32.305,70.748,Healthy,0.0,0.0,0.0,45210.476,1376.217,43834.259,0.397,Fail
SKU78,haircare,Mumbai,Supplier 5,Sea,A,5,71.127,946.0,2.592,9,19.915,0.28,355.633,67285.683,1.929,99.577,68.921,51,4.791,28.117,73.711,Reorder now,0.0,0.0,23.117,1435.294,1372.588,62.706,4.097,Pending
SKU80,skincare,Chennai,Supplier 3,Sea,A,39,76.961,872.0,2.389,16,18.471,0.24,3001.488,67110.191,16.325,720.357,68.709,41,5.888,44.112,74.597,Reorder now,0.0,0.0,5.112,1442.064,1269.112,172.952,2.85,Fail
SKU46,haircare,Chennai,Supplier 3,Road,A,92,77.322,859.0,2.353,37,18.557,0.24,7113.656,66419.901,39.092,1707.278,68.036,6,8.82,95.897,76.856,Reorder now,15.144,1170.972,3.897,7214.005,1262.568,5951.438,3.649,Pending
SKU83,haircare,Bangalore,Supplier 1,Road,A,65,97.731,663.0,1.816,32,24.433,0.25,6352.489,64795.384,35.784,1588.122,52.092,7,6.331,64.457,58.423,Overstock,6.577,642.78,0.0,4821.229,1272.747,3548.482,0.773,Fail
SKU94,cosmetics,Delhi,Supplier 2,Rail,A,77,60.387,987.0,2.704,35,15.701,0.26,4649.828,59602.343,28.475,1208.955,79.286,72,9.857,104.5,89.143,Reorder now,0.0,0.0,27.5,1250.643,1244.854,5.789,1.464,Pass
SKU58,skincare,Delhi,Supplier 3,Road,A,10,65.047,896.0,2.455,12,16.912,0.26,650.474,58282.484,4.074,169.123,72.787,44,5.239,34.697,78.026,Reorder now,0.0,0.0,24.697,1390.253,1230.993,159.26,1.73,Fail
SKU41,skincare,Chennai,Supplier 4,Sea,A,64,95.332,556.0,1.523,27,22.88,0.24,6101.252,53004.628,42.014,1464.301,49.296,38,4.877,46.006,54.173,Overstock,9.827,936.844,0.0,1166.293,1127.879,38.414,0.045,Fail
SKU88,cosmetics,Mumbai,Supplier 2,Sea,A,60,68.185,737.0,2.019,25,19.092,0.28,4091.095,50252.285,29.715,1145.507,62.131,85,6.22,56.7,68.352,Healthy,0.0,0.0,0.0,1244.93,1186.197,58.733,0.722,Pending
SKU9,skincare,Chennai,Supplier 2,Rail,A,14,47.958,980.0,2.685,28,11.51,0.24,671.406,46998.45,5.214,161.138,92.274,83,8.753,83.932,101.027,Reorder now,0.0,0.0,69.932,1068.019,1062.056,5.963,3.845,Pending
SKU15,skincare,Bangalore,Supplier 1,Sea,A,9,97.121,469.0,1.285,15,24.28,0.25,874.092,45549.881,7.004,218.523,43.95,69,3.066,22.34,47.016,Reorder now,0.0,0.0,13.34,1177.526,1067.121,110.405,2.264,Pass
SKU22,haircare,Kolkata,Supplier 4,Rail,A,71,50.121,884.0,2.422,11,11.027,0.22,3558.58,44306.822,29.316,782.888,89.538,63,4.949,31.59,94.487,Healthy,0.0,0.0,0.0,1048.925,987.294,61.63,2.591,Fail
SKU36,skincare,Delhi,Supplier 2,Air,A,18,45.531,963.0,2.638,26,11.838,0.26,819.565,43846.704,6.822,213.087,90.193,28,8.289,76.886,98.481,Reorder now,0.0,0.0,58.886,1885.377,1067.715,817.663,3.806,Fail
SKU7,cosmetics,Bangalore,Supplier 4,Road,A,93,99.466,426.0,1.167,18,24.867,0.25,9250.348,42372.562,79.683,2312.587,41.39,11,3.051,24.059,44.441,Overstock,48.559,4829.972,0.0,2073.13,1029.23,1043.9,0.398,Fail
SKU69,skincare,Kolkata,Supplier 4,Air,A,95,77.628,511.0,1.4,4,17.078,0.22,7374.638,39667.788,67.857,1622.42,54.7,27,1.725,7.325,56.426,Overstock,38.574,2994.448,0.0,1176.851,934.18,242.671,1.362,Pending
SKU95,haircare,Mumbai,Supplier 4,Air,A,15,58.891,672.0,1.841,23,16.489,0.28,883.36,39574.541,8.147,247.341,63.838,26,5.44,47.785,69.279,Reorder now,0.0,0.0,32.785,1506.67,1052.657,454.013,1.211,Pending
SKU23,cosmetics,Kolkata,Supplier 5,Rail,A,84,98.61,391.0,1.071,12,21.694,0.22,8283.236,38556.493,78.414,1822.312,42.454,29,2.286,15.141,44.74,Overstock,39.26,3871.411,0.0,988.704,921.001,67.703,1.342,Pending
SKU0,haircare,Mumbai,Supplier 3,Road,A,58,46.28,802.0,2.197,11,12.958,0.28,2684.233,37116.463,26.397,751.585,78.671,96,4.49,28.66,83.161,Healthy,0.0,0.0,0.0,1039.71,1019.441,20.268,0.226,Pending
SKU21,cosmetics,Chennai,Supplier 5,Air,A,69,61.736,601.0,1.647,31,14.817,0.24,4259.765,37103.173,41.905,1022.344,63.689,7,5.648,56.692,69.337,Healthy,0.0,0.0,0.0,4344.715,943.65,3401.065,0.019,Pending
SKU91,cosmetics,Delhi,Supplier 4,Rail,A,98,39.773,916.0,2.51,29,10.341,0.26,3897.742,36431.96,39.05,1013.413,94.117,85,8.327,81.105,102.444,Healthy,0.0,0.0,0.0,978.314,973.258,5.056,0.626,Pending
SKU60,skincare,Mumbai,Supplier 4,Rail,A,41,87.213,380.0,1.041,35,24.42,0.28,3575.735,33140.962,39.382,1001.206,39.448,72,3.795,40.233,43.243,Healthy,0.0,0.0,0.0,1142.997,963.3,179.696,2.853,Fail
SKU37,skincare,Kolkata,Supplier 3,Sea,A,25,34.343,963.0,2.638,17,7.556,0.22,858.582,33072.576,9.476,188.888,112.897,21,6.702,51.554,119.599,Reorder now,0.0,0.0,26.554,2372.19,852.993,1519.197,2.61,Pending
SKU66,skincare,Kolkata,Supplier 5,Road,A,13,42.084,704.0,1.929,25,9.259,0.22,547.098,29627.443,6.74,120.361,87.2,19,5.942,54.161,93.141,Reorder now,0.0,0.0,41.161,1940.588,807.344,1133.244,3.448,Fail
SKU50,cosmetics,Delhi,Supplier 2,Rail,A,31,45.179,633.0,1.734,33,11.746,0.26,1400.541,28598.154,17.875,364.141,73.409,82,6.138,63.368,79.547,Reorder now,0.0,0.0,32.368,867.581,862.295,5.287,4.755,Fail
SKU90,skincare,Bangalore,Supplier 3,Rail,A,66,85.676,320.0,0.877,25,21.419,0.25,5654.614,27416.308,75.281,1413.653,38.652,96,2.701,24.619,41.353,Overstock,24.647,2111.644,0.0,1194.778,827.894,366.885,1.219,Pass
SKU72,cosmetics,Bangalore,Supplier 1,Rail,A,57,55.76,478.0,1.31,38,13.94,0.25,3178.348,26653.516,43.525,794.587,58.557,77,4.974,54.738,63.531,Healthy,0.0,0.0,0.0,847.084,816.295,30.789,3.213,Pending
SKU11,skincare,Kolkata,Supplier 2,Air,A,46,27.592,960.0,2.63,24,6.07,0.22,1269.249,26488.669,17.49,279.235,125.756,60,7.939,71.062,133.695,Reorder now,0.0,0.0,25.062,982.11,763.381,218.728,0.021,Pending
SKU35,cosmetics,Delhi,Supplier 1,Sea,A,42,58.005,449.0,1.23,35,15.081,0.26,2436.201,26044.149,34.143,633.412,54.564,85,4.484,47.539,59.048,Reorder now,0.0,0.0,5.539,905.071,822.89,82.181,0.541,Pass
SKU1,skincare,Mumbai,Supplier 3,Road,A,53,33.617,736.0,2.016,32,9.413,0.28,1781.689,24741.942,26.284,498.873,88.426,37,7.028,71.554,95.454,Reorder now,0.0,0.0,18.554,1168.729,832.331,336.399,4.854,Pending
SKU13,skincare,Bangalore,Supplier 5,Road,A,80,97.829,249.0,0.682,17,24.457,0.25,7826.324,24359.433,117.269,1956.581,31.908,48,1.733,13.33,33.641,Overstock,46.359,4535.284,0.0,846.349,780.375,65.974,1.631,Pending
SKU99,haircare,Chennai,Supplier 2,Rail,A,55,38.073,627.0,1.718,14,9.137,0.24,2094.009,23871.707,32.018,502.562,82.836,59,3.96,28.009,86.796,Healthy,0.0,0.0,0.0,800.912,756.915,43.997,0.346,Fail
SKU28,cosmetics,Mumbai,Supplier 1,Air,A,48,59.429,394.0,1.079,19,16.64,0.28,2852.61,23415.176,44.467,798.731,48.66,24,2.899,23.409,51.559,Healthy,0.0,0.0,0.0,1020.516,809.707,210.809,0.816,Fail
SKU32,skincare,Kolkata,Supplier 3,Road,A,89,29.692,781.0,2.14,17,6.532,0.22,2642.63,23189.817,41.594,581.379,109.343,64,5.436,41.811,114.779,Healthy,0.0,0.0,0.0,819.191,714.266,104.925,1.946,Pass
SKU16,skincare,Bangalore,Supplier 1,Air,A,2,77.106,280.0,0.767,6,19.277,0.25,154.213,21589.776,2.607,38.553,38.112,78,1.158,5.76,39.27,Reorder now,0.0,0.0,3.76,931.274,734.673,196.601,1.013,Pass
SKU55,haircare,Delhi,Supplier 2,Sea,A,97,30.324,701.0,1.921,16,7.884,0.26,2941.384,21256.805,50.506,764.76,94.294,11,4.733,35.462,99.027,Healthy,0.0,0.0,0.0,3229.726,743.422,2486.304,4.549,Fail
SKU20,skincare,Chennai,Supplier 1,Air,A,27,65.686,320.0,0.877,18,15.765,0.24,1773.529,21019.603,30.797,425.647,45.054,68,2.292,18.073,47.346,Healthy,0.0,0.0,0.0,771.294,710.261,61.033,4.231,Pass
SKU84,haircare,Chennai,Supplier 5,Air,A,73,33.809,618.0,1.693,36,8.114,0.24,2468.03,20893.737,43.115,592.327,87.272,80,6.259,67.213,93.531,Healthy,0.0,0.0,0.0,710.813,708.131,2.682,4.843,Pass
SKU44,cosmetics,Delhi,Supplier 2,Rail,A,13,22.554,919.0,2.518,25,5.864,0.26,293.203,20727.224,5.163,76.233,125.187,72,7.756,70.702,132.943,Reorder now,0.0,0.0,57.702,849.301,734.103,115.197,2.963,Fail
SKU53,skincare,Delhi,Supplier 1,Air,A,96,83.344,242.0,0.663,28,21.669,0.26,8001.03,20169.262,144.793,2080.268,33.418,54,2.162,20.726,35.58,Overstock,60.42,5035.663,0.0,809.149,724.155,84.994,1.41,Pending
SKU71,cosmetics,Bangalore,Supplier 2,Road,A,76,30.662,637.0,1.745,8,7.665,0.25,2330.287,19531.489,43.548,582.572,91.159,26,3.041,17.003,94.201,Healthy,0.0,0.0,0.0,1324.65,698.776,625.875,2.079,Pending
SKU54,haircare,Kolkata,Supplier 1,Road,B,33,30.186,622.0,1.704,25,6.641,0.22,996.139,18775.707,19.365,219.151,96.779,61,4.205,46.807,100.983,Reorder now,0.0,0.0,13.807,712.384,642.702,69.683,2.479,Pass
SKU47,skincare,Kolkata,Supplier 1,Rail,B,4,19.713,910.0,2.493,24,4.337,0.22,78.852,17938.824,1.604,17.347,144.855,51,6.027,65.863,150.882,Reorder now,0.0,0.0,61.863,1002.747,628.215,374.532,0.381,Pending
SKU73,cosmetics,Chennai,Supplier 4,Road,B,17,46.87,375.0,1.027,30,11.249,0.24,796.794,17576.34,16.547,191.231,57.738,66,2.777,33.599,60.515,Reorder now,0.0,0.0,16.599,655.303,649.486,5.817,4.621,Fail
SKU92,cosmetics,Mumbai,Supplier 2,Rail,B,90,62.613,276.0,0.756,33,17.532,0.28,5635.142,17281.103,119.022,1577.84,39.678,10,2.143,27.097,41.821,Overstock,48.179,3016.617,0.0,1467.658,695.608,772.049,0.333,Pass
SKU30,haircare,Kolkata,Supplier 4,Road,B,60,51.635,327.0,0.896,33,11.36,0.22,3098.094,16884.61,66.972,681.581,53.653,35,2.54,32.104,56.192,Overstock,3.808,196.616,0.0,665.937,609.476,56.461,0.965,Pending
SKU18,haircare,Kolkata,Supplier 2,Sea,B,10,27.108,620.0,1.699,18,5.964,0.22,271.08,16806.948,5.887,59.638,101.961,46,3.556,34.132,105.518,Reorder now,0.0,0.0,24.132,811.079,608.073,203.006,2.232,Pending
SKU86,skincare,Mumbai,Supplier 1,Rail,B,32,74.609,223.0,0.611,20,20.891,0.28,2387.487,16637.8,52.377,668.496,32.672,22,1.348,13.567,34.02,Healthy,0.0,0.0,0.0,736.614,682.538,54.076,2.052,Pass
SKU68,haircare,Bangalore,Supplier 2,Rail,B,0,97.114,163.0,0.447,16,24.278,0.25,0.0,15829.514,0.0,0.0,25.911,58,0.881,8.027,26.792,Stockout,0.0,0.0,8.027,844.591,629.077,215.514,1.983,Fail
SKU43,haircare,Mumbai,Supplier 5,Air,B,36,26.277,598.0,1.638,38,7.358,0.28,945.985,15713.865,21.973,264.876,90.153,85,4.984,67.241,95.137,Reorder now,0.0,0.0,31.241,664.465,663.316,1.149,0.372,Pending
SKU76,haircare,Bangalore,Supplier 2,Rail,B,38,64.324,241.0,0.66,11,16.081,0.25,2444.297,15501.987,57.552,611.074,38.713,22,1.081,8.344,39.793,Healthy,0.0,0.0,0.0,724.617,622.535,102.082,2.18,Pending
SKU77,haircare,Kolkata,Supplier 1,Road,B,96,42.952,359.0,0.984,32,9.45,0.22,4123.435,15419.928,97.604,907.156,61.637,57,2.746,34.219,64.383,Overstock,31.617,1358.045,0.0,584.224,582.442,1.782,3.055,Pass
SKU19,skincare,Chennai,Supplier 4,Road,B,48,82.373,187.0,0.512,14,19.77,0.24,3953.919,15403.811,93.69,948.941,30.755,94,0.946,8.119,31.701,Overstock,16.299,1342.572,0.0,1028.639,608.023,420.617,3.646,Fail
SKU57,haircare,Delhi,Supplier 2,Rail,B,5,67.78,227.0,0.622,19,17.623,0.26,338.898,15385.974,8.04,88.114,35.89,51,1.338,13.154,37.228,Reorder now,0.0,0.0,8.154,671.928,632.483,39.444,2.511,Pending
SKU81,haircare,Delhi,Supplier 3,Rail,B,48,19.79,774.0,2.121,11,5.145,0.26,949.9,15317.145,22.636,246.974,122.649,8,3.471,26.797,126.12,Healthy,0.0,0.0,0.0,4858.081,631.067,4227.014,2.548,Pending
SKU42,skincare,Bangalore,Supplier 5,Road,B,22,96.423,155.0,0.425,31,24.106,0.25,2121.302,14945.537,51.806,530.326,25.357,57,1.167,14.331,26.524,Healthy,0.0,0.0,0.0,822.978,611.26,211.718,4.939,Fail
SKU33,cosmetics,Chennai,Supplier 5,Sea,B,4,23.853,616.0,1.688,26,5.725,0.24,95.414,14693.711,2.37,22.899,103.731,95,4.246,48.126,107.978,Reorder now,0.0,0.0,44.126,596.14,593.843,2.297,3.541,Fail
SKU79,haircare,Bangalore,Supplier 3,Air,B,31,57.871,198.0,0.542,26,14.468,0.25,1793.998,11458.439,57.146,448.499,36.994,20,1.365,15.469,38.359,Healthy,0.0,0.0,0.0,639.677,535.22,104.457,0.166,Pending
SKU25,haircare,Kolkata,Supplier 4,Road,B,82,78.28,142.0,0.389,14,17.222,0.22,6418.991,11115.814,210.775,1412.178,28.715,52,0.718,6.165,29.433,Overstock,52.567,4114.954,0.0,584.302,494.518,89.784,3.797,Pending
SKU12,haircare,Kolkata,Supplier 4,Road,B,100,32.321,336.0,0.921,34,7.111,0.22,3232.129,10859.952,108.631,711.068,68.741,85,2.649,33.947,71.389,Overstock,28.611,924.731,0.0,499.851,488.793,11.058,2.161,Fail
SKU31,skincare,Chennai,Supplier 3,Rail,B,6,60.251,168.0,0.46,21,14.46,0.24,361.507,10122.192,13.036,86.762,34.085,44,1.041,10.707,35.126,Reorder now,0.0,0.0,4.707,509.035,492.882,16.153,2.989,Pending
SKU29,cosmetics,Kolkata,Supplier 1,Road,B,45,39.293,253.0,0.693,12,8.644,0.22,1768.179,9941.098,64.921,388.999,54.099,67,1.185,9.503,55.284,Healthy,0.0,0.0,0.0,478.394,467.658,10.736,3.878,Pass
SKU61,haircare,Kolkata,Supplier 4,Air,B,32,78.702,117.0,0.321,30,17.315,0.22,2518.477,9208.18,99.829,554.065,25.995,36,0.866,10.483,26.861,Overstock,5.139,404.433,0.0,474.161,450.089,24.073,4.367,Fail
SKU24,haircare,Bangalore,Supplier 2,Air,B,4,40.382,209.0,0.573,34,10.096,0.25,161.529,8439.913,6.986,40.382,45.5,2,1.648,21.116,47.147,Reorder now,0.0,0.0,17.116,5235.096,459.345,4775.751,3.691,Pending
SKU5,haircare,Bangalore,Supplier 4,Road,C,90,56.766,147.0,0.403,30,14.192,0.25,5108.983,8344.672,223.469,1277.246,32.184,66,0.848,12.93,33.032,Overstock,56.968,3233.856,0.0,579.687,456.746,122.941,2.779,Fail
SKU52,skincare,Mumbai,Supplier 1,Air,C,64,9.167,820.0,2.247,12,2.567,0.28,586.678,7516.816,28.488,164.27,178.738,11,2.992,29.951,181.73,Healthy,0.0,0.0,0.0,3741.39,458.771,3282.619,2.122,Pending
SKU34,skincare,Chennai,Supplier 1,Road,C,1,10.754,602.0,1.649,33,2.581,0.24,10.754,6474.072,0.606,2.581,152.722,21,3.643,58.07,156.365,Reorder now,0.0,0.0,57.07,1460.434,394.18,1066.254,0.647,Pass
SKU89,cosmetics,Kolkata,Supplier 1,Rail,C,90,46.604,134.0,0.367,9,10.253,0.22,4194.349,6244.919,245.149,922.757,36.152,27,0.423,3.728,36.575,Overstock,53.425,2489.8,0.0,386.562,370.659,15.902,1.908,Pending
SKU17,cosmetics,Chennai,Supplier 1,Air,C,45,47.68,126.0,0.345,26,11.443,0.24,2145.586,6007.64,130.357,514.941,33.183,85,0.677,9.652,33.86,Overstock,11.14,531.174,0.0,560.45,379.715,180.736,0.102,Fail
SKU96,cosmetics,Mumbai,Supplier 3,Road,C,67,17.804,324.0,0.888,5,4.985,0.28,1192.852,5768.417,75.478,333.998,80.619,32,0.763,5.201,81.382,Healthy,0.0,0.0,0.0,586.011,401.89,184.121,3.872,Pending
SKU62,cosmetics,Mumbai,Supplier 2,Sea,C,86,21.049,270.0,0.74,9,5.894,0.28,1810.183,5683.134,116.259,506.851,67.685,40,0.853,7.511,68.538,Overstock,17.462,367.553,0.0,455.372,398.908,56.464,1.874,Pass
SKU26,haircare,Bangalore,Supplier 2,Rail,C,59,15.972,353.0,0.967,20,3.993,0.25,942.362,5638.197,61.006,235.59,94.023,48,1.663,21.005,95.686,Healthy,0.0,0.0,0.0,463.542,375.44,88.102,2.119,Pass
SKU98,skincare,Chennai,Supplier 5,Rail,C,53,5.605,913.0,2.501,8,1.345,0.24,297.049,5117.083,21.188,71.292,260.528,27,2.72,22.731,263.248,Healthy,0.0,0.0,0.0,1708.9,350.443,1358.457,2.908,Pending
SKU75,skincare,Chennai,Supplier 1,Air,C,16,48.065,106.0,0.29,30,11.536,0.24,769.037,5094.867,55.094,184.569,30.313,56,0.612,9.324,30.925,Healthy,0.0,0.0,0.0,417.638,349.681,67.957,2.03,Pass
SKU63,skincare,Bangalore,Supplier 3,Sea,C,54,20.075,246.0,0.674,23,5.019,0.25,1084.05,4938.451,80.122,271.013,70.012,10,1.243,16.744,71.254,Healthy,0.0,0.0,0.0,1255.094,351.371,903.723,3.633,Pending
SKU38,cosmetics,Mumbai,Supplier 5,Air,C,69,5.931,705.0,1.932,6,1.661,0.28,409.218,4181.139,35.723,114.581,206.045,88,1.819,13.408,207.864,Healthy,0.0,0.0,0.0,473.634,342.158,131.477,0.613,Pending
SKU97,haircare,Mumbai,Supplier 4,Road,C,46,65.765,62.0,0.17,28,18.414,0.28,3025.197,4077.44,270.806,847.055,18.349,4,0.346,5.102,18.695,Overstock,27.305,1795.728,0.0,811.828,337.888,473.94,3.376,Fail
SKU93,haircare,Chennai,Supplier 4,Air,C,63,35.634,114.0,0.312,18,8.552,0.24,2244.92,4062.236,201.711,538.781,36.51,66,0.509,6.131,37.02,Overstock,25.98,925.767,0.0,368.582,312.24,56.342,4.166,Fail
SKU27,cosmetics,Mumbai,Supplier 5,Sea,C,47,10.528,352.0,0.964,17,2.948,0.28,494.828,3705.942,48.736,138.552,109.273,62,1.529,17.923,110.802,Healthy,0.0,0.0,0.0,375.256,322.128,53.128,2.865,Fail
SKU67,skincare,Mumbai,Supplier 1,Sea,C,12,7.058,513.0,1.405,18,1.976,0.28,84.695,3620.69,8.538,23.714,161.117,71,2.293,27.591,163.41,Reorder now,0.0,0.0,15.591,431.423,318.401,113.022,0.132,Pass
SKU14,skincare,Kolkata,Supplier 1,Air,C,54,5.791,562.0,1.54,34,1.274,0.22,312.738,3254.787,35.071,68.802,210.021,78,3.452,55.802,213.473,Reorder now,0.0,0.0,1.802,409.947,267.592,142.355,0.101,Pending
SKU3,skincare,Kolkata,Supplier 5,Rail,C,23,35.625,83.0,0.227,19,7.837,0.22,819.369,2956.854,101.145,180.261,32.543,59,0.381,4.702,32.924,Healthy,0.0,0.0,0.0,301.544,255.051,46.493,4.747,Fail
SKU87,haircare,Chennai,Supplier 3,Sea,C,5,28.697,79.0,0.216,17,6.887,0.24,143.485,2267.063,23.101,34.436,33.868,55,0.343,4.023,34.211,Healthy,0.0,0.0,0.0,261.218,233.258,27.96,3.694,Fail
SKU51,haircare,Bangalore,Supplier 5,Road,C,100,14.19,154.0,0.422,5,3.548,0.25,1419.033,2185.311,237.013,354.758,65.886,52,0.363,2.472,66.249,Overstock,33.751,478.94,0.0,240.314,233.737,6.578,1.773,Pending
SKU85,cosmetics,Chennai,Supplier 5,Road,C,15,69.929,25.0,0.068,20,16.783,0.24,1048.94,1748.234,219.0,251.746,12.205,66,0.118,1.488,12.323,Overstock,2.677,187.223,0.0,572.78,204.836,367.944,1.374,Fail
SKU8,cosmetics,Mumbai,Supplier 4,Sea,C,5,11.423,150.0,0.411,17,3.198,0.28,57.115,1713.454,12.167,15.992,68.482,15,0.651,7.638,69.133,Reorder now,0.0,0.0,2.638,523.988,219.036,304.952,2.71,Pending
SKU45,haircare,Chennai,Supplier 2,Rail,C,93,66.313,24.0,0.066,13,15.915,0.24,6167.067,1591.501,1414.375,1480.096,12.28,52,0.091,0.946,12.371,Overstock,80.629,5346.697,0.0,436.867,195.438,241.429,3.22,Pass
SKU39,skincare,Kolkata,Supplier 2,Air,C,78,9.006,176.0,0.482,32,1.981,0.22,702.453,1585.022,161.761,154.54,94.251,34,1.049,16.479,95.299,Healthy,0.0,0.0,0.0,292.505,186.736,105.769,1.452,Fail
SKU82,skincare,Mumbai,Supplier 2,Road,C,42,4.465,336.0,0.921,20,1.25,0.28,187.542,1500.334,45.625,52.512,163.933,72,1.583,19.994,165.516,Healthy,0.0,0.0,0.0,278.343,204.962,73.382,4.138,Pending
SKU49,cosmetics,Delhi,Supplier 5,Rail,C,97,14.148,99.0,0.271,30,3.678,0.26,1372.338,1400.634,357.626,356.808,51.878,9,0.571,8.708,52.45,Overstock,44.55,630.292,0.0,566.553,190.831,375.722,2.826,Pass
SKU56,skincare,Mumbai,Supplier 1,Air,C,25,12.836,93.0,0.255,28,3.594,0.28,320.907,1193.774,98.118,89.854,50.868,83,0.518,7.653,51.386,Healthy,0.0,0.0,0.0,205.182,182.827,22.355,1.174,Pass
SKU64,skincare,Delhi,Supplier 1,Air,C,73,8.693,134.0,0.367,33,2.26,0.26,634.592,1164.868,198.843,164.994,76.998,75,0.811,12.926,77.809,Healthy,0.0,0.0,0.0,174.09,174.03,0.06,0.159,Fail
SKU59,cosmetics,Kolkata,Supplier 1,Air,C,100,1.901,484.0,1.326,23,0.418,0.22,190.076,919.969,75.413,41.817,340.21,26,2.445,32.944,342.655,Healthy,0.0,0.0,0.0,936.205,142.265,793.94,0.447,Fail
SKU65,skincare,Kolkata,Supplier 5,Rail,C,57,1.597,457.0,1.252,32,0.351,0.22,91.042,729.931,45.525,20.029,360.632,54,2.723,42.789,363.355,Healthy,0.0,0.0,0.0,432.636,126.722,305.914,4.911,Fail
SKU48,haircare,Mumbai,Supplier 2,Rail,C,30,23.126,29.0,0.079,19,6.475,0.28,693.791,670.665,377.586,194.261,21.162,9,0.133,1.643,21.296,Overstock,8.704,201.301,0.0,190.25,137.035,53.215,1.698,Fail
SKU70,haircare,Bangalore,Supplier 1,Road,C,10,11.441,32.0,0.088,16,2.86,0.25,114.408,366.105,114.062,28.602,33.449,22,0.135,1.538,33.583,Healthy,0.0,0.0,0.0,104.189,95.669,8.52,1.831,Pass
SKU2,haircare,Mumbai,Supplier 1,Air,C,1,30.688,8.0,0.022,12,8.593,0.28,30.688,245.504,45.625,8.593,9.649,88,0.029,0.292,9.678,Healthy,0.0,0.0,0.0,382.622,82.91,299.712,4.581,Pending
SKU6,skincare,Kolkata,Supplier 3,Sea,C,11,1.085,65.0,0.178,23,0.239,0.22,11.936,70.529,61.769,2.626,165.012,58,0.328,4.424,165.341,Healthy,0.0,0.0,0.0,62.957,39.391,23.566,1.001,Pending
